<keymap version="1" name="Eclipse (macOS) copy" parent="Eclipse (Mac OS X)">
  <action id="ActivateTerminalToolWindow">
    <keyboard-shortcut first-keystroke="alt f12" />
    <keyboard-shortcut first-keystroke="shift meta escape" />
  </action>
  <action id="Back">
    <keyboard-shortcut first-keystroke="meta open_bracket" />
    <mouse-shortcut keystroke="button4" />
    <keyboard-shortcut first-keystroke="alt left" />
  </action>
  <action id="ChangesView.ShelveSilently" />
  <action id="Console.TableResult.EditValue">
    <keyboard-shortcut first-keystroke="f2" />
    <keyboard-shortcut first-keystroke="enter" />
  </action>
  <action id="DatabaseView.OpenDdlInConsole" />
  <action id="EditSource" />
  <action id="EditorNextWord">
    <keyboard-shortcut first-keystroke="ctrl alt f" />
  </action>
  <action id="EditorPreviousWord">
    <keyboard-shortcut first-keystroke="ctrl alt b" />
  </action>
  <action id="ExternalSystem.OpenConfig" />
  <action id="Find">
    <keyboard-shortcut first-keystroke="meta f" />
  </action>
  <action id="FindInPath">
    <keyboard-shortcut first-keystroke="ctrl h" />
    <keyboard-shortcut first-keystroke="shift meta h" />
  </action>
  <action id="Forward">
    <keyboard-shortcut first-keystroke="meta close_bracket" />
    <mouse-shortcut keystroke="button5" />
    <keyboard-shortcut first-keystroke="alt right" />
  </action>
  <action id="Generate">
    <keyboard-shortcut first-keystroke="meta n" />
    <keyboard-shortcut first-keystroke="ctrl enter" />
    <keyboard-shortcut first-keystroke="alt i" />
  </action>
  <action id="GotoDeclaration">
    <keyboard-shortcut first-keystroke="f3" />
    <mouse-shortcut keystroke="meta button1" />
  </action>
  <action id="GotoFile" />
  <action id="Jdbc.OpenEditor.Data" />
  <action id="Maven.Reimport">
    <keyboard-shortcut first-keystroke="shift meta alt r" />
  </action>
  <action id="Maven.RunBuild">
    <keyboard-shortcut first-keystroke="shift meta alt b" />
  </action>
  <action id="MethodHierarchy" />
  <action id="MethodHierarchy.BaseOnThisMethod" />
  <action id="NavBar-navigate" />
  <action id="OpenModuleSettings" />
  <action id="ProjectViewEditSource" />
  <action id="RemoteHostView.EditSource" />
  <action id="Replace">
    <keyboard-shortcut first-keystroke="meta r" />
  </action>
  <action id="ReplaceInPath">
    <keyboard-shortcut first-keystroke="shift meta r" />
  </action>
  <action id="RunToCursor" />
  <action id="ShowIntentionActions">
    <keyboard-shortcut first-keystroke="meta 1" />
    <keyboard-shortcut first-keystroke="alt enter" />
  </action>
  <action id="Sql.EditParameter" />
</keymap>