<application>
  <component name="UISettings">
    <option name="EDITOR_AA_TYPE" value="Greyscale" />
    <option name="EDITOR_TAB_LIMIT" value="25" />
    <option name="HIDE_TABS_IF_NEED" value="false" />
    <option name="IDE_AA_TYPE" value="Greyscale" />
    <option name="MARK_MODIFIED_TABS_WITH_ASTERISK" value="true" />
    <option name="OPEN_IN_PREVIEW_TAB_IF_POSSIBLE" value="true" />
    <option name="SCROLL_TAB_LAYOUT_IN_EDITOR" value="false" />
    <option name="SHOW_PINNED_TABS_IN_A_SEPARATE_ROW" value="true" />
  </component>
</application>